﻿{"cameraMode":{"drawMode":0,"name":"Shaded","section":"Shading Mode"},"sceneLighting":true,"audioPlay":false,"sceneViewState":{"showFog":true,"showMaterialUpdate":false,"showSkybox":true,"showFlares":true,"showImageEffects":true,"showParticleSystems":true},"in2DMode":false,"pivot":{"x":-22.083314895629884,"y":-10.128349304199219,"z":13.087151527404786},"rotation":{"x":-0.1724485605955124,"y":0.6894012093544006,"z":-0.17442567646503449,"w":-0.6815887093544006},"size":69.36122131347656,"orthographic":false}