﻿{"cameraMode":{"drawMode":0,"name":"Shaded","section":"Shading Mode"},"sceneLighting":true,"audioPlay":false,"sceneViewState":{"showFog":true,"showMaterialUpdate":false,"showSkybox":true,"showFlares":true,"showImageEffects":true,"showParticleSystems":true},"in2DMode":false,"pivot":{"x":-6.946533203125,"y":2.3548431396484377,"z":-12.195735931396485},"rotation":{"x":0.06912226229906082,"y":-0.9268302917480469,"z":0.3020085096359253,"w":0.21212883293628694},"size":68.21109008789063,"orthographic":false}