﻿{"cameraMode":{"drawMode":0,"name":"Shaded","section":"Shading Mode"},"sceneLighting":true,"audioPlay":false,"sceneViewState":{"showFog":true,"showMaterialUpdate":false,"showSkybox":true,"showFlares":true,"showImageEffects":true,"showParticleSystems":true},"in2DMode":false,"pivot":{"x":422.5357360839844,"y":193.45327758789063,"z":68.83456420898438},"rotation":{"x":0.03109215572476387,"y":-0.9661415815353394,"z":0.14009399712085725,"w":0.2144235372543335},"size":268.6005554199219,"orthographic":false}