﻿{"cameraMode":{"drawMode":0,"name":"Shaded","section":"Shading Mode"},"sceneLighting":false,"audioPlay":false,"sceneViewState":{"showFog":true,"showMaterialUpdate":false,"showSkybox":false,"showFlares":true,"showImageEffects":true,"showParticleSystems":true},"in2DMode":false,"pivot":{"x":-14.550000190734864,"y":4.101907730102539,"z":-6.3852739334106449},"rotation":{"x":0.05395122990012169,"y":-0.7427991032600403,"z":0.06029863655567169,"w":0.6646072864532471},"size":4.041658401489258,"orthographic":false}