﻿{"cameraMode":{"drawMode":0,"name":"Shaded","section":"Shading Mode"},"sceneLighting":true,"audioPlay":false,"sceneViewState":{"showFog":true,"showMaterialUpdate":false,"showSkybox":true,"showFlares":true,"showImageEffects":true,"showParticleSystems":true},"in2DMode":false,"pivot":{"x":0.6096817255020142,"y":7.967242240905762,"z":8.910333633422852},"rotation":{"x":0.011315174400806427,"y":-0.9756394624710083,"z":0.2128615379333496,"w":0.05186203494668007},"size":-0.4632871747016907,"orthographic":false}